[
null,
{"id":1,"battlerName":"Actor1_1","characterIndex":0,"characterName":"troll1","classId":1,"equips":[1],"faceIndex":0,"faceName":"peraie","traits":[],"initialLevel":1,"maxLevel":99,"name":"Peraie","nickname":"","note":"","profile":""},
{"id":2,"battlerName":"","characterIndex":1,"characterName":"troll1","classId":1,"equips":[2,0,0,0,0],"faceIndex":0,"faceName":"zecros","traits":[],"initialLevel":1,"maxLevel":99,"name":"Zecros","nickname":"","note":"","profile":""},
{"id":3,"battlerName":"","characterIndex":0,"characterName":"","classId":1,"equips":[0,0,0,0,0],"faceIndex":0,"faceName":"","traits":[],"initialLevel":1,"maxLevel":99,"name":"","nickname":"","note":"","profile":""},
{"id":4,"battlerName":"","characterIndex":0,"characterName":"","classId":1,"equips":[0,0,0,0,0],"faceIndex":0,"faceName":"","traits":[],"initialLevel":1,"maxLevel":99,"name":"","nickname":"","note":"","profile":""}
]