[
null,
{"id":1,"expanded":true,"name":"MAP001","order":1,"parentId":0,"scrollX":773.1428571428571,"scrollY":522},
{"id":2,"expanded":true,"name":"MAP002","order":2,"parentId":1,"scrollX":902,"scrollY":625},
{"id":3,"expanded":true,"name":"zecros 1","order":4,"parentId":1,"scrollX":906,"scrollY":641},
{"id":4,"expanded":true,"name":"zecros 2","order":3,"parentId":2,"scrollX":902,"scrollY":625},
{"id":5,"expanded":true,"name":"MAP005","order":6,"parentId":1,"scrollX":1066,"scrollY":640},
{"id":6,"expanded":true,"name":"MAP006","order":7,"parentId":5,"scrollX":1082.3999999999999,"scrollY":750},
{"id":7,"expanded":false,"name":"zecros 3","order":5,"parentId":3,"scrollX":773.1428571428571,"scrollY":522},
{"id":8,"expanded":true,"name":"up","order":8,"parentId":1,"scrollX":1101.6,"scrollY":1026}
]